xxxx;;;;;;;;;;;;;;x
#######################################;;;;;;;;;;;;;;x
# 兵种;;;;;;;;;;;;;;x
#######################################;;;;;;;;;;;;;;x
partisan_bergsjaeger;游击集团;;;;;;;;;;;;;x
partisan_bergsjaeger_short;游击队;;;;;;;;;;;;;x
chc_gundam;干部团;;;;;;;;;;;;;x
chc_gundam_short;教导;;;;;;;;;;;;;x
chi_star_destroyer;党化部队;;;;;;;;;;;;;x
chi_star_destroyer_short;教导;;;;;;;;;;;;;x
GER_ss;党卫军;;;;;;;;;;;;;x
GER_ss_short;党卫军;;;;;;;;;;;;;x
artillery_brigadeB;炮兵旅;;;;;;;;;;;;;x
artillery_brigadeB_short;炮兵旅;;;;;;;;;;;x
alpine_artillery_brigadeB;山炮旅;;;;;;;;;;;x
alpine_artillery_brigadeB_short;山炮旅;;;;;;;;;;;x
For_the_occasion_brigade;预备兵;;;;;;;;;;;x
For_the_occasion_brigade_short;预备兵;;;;;;;;;;;x
field_battalion;野战营;;;;;;;;;;;x
field_battalion_short;野战营;;;;;;;;;;;x
anti_air_company;防空连;;;;;;;;;;x
anti_air_company_short;防空连;;;;;;;;;;x
communications_company;通讯连;;;;;;;;;;x
communications_company_short;通讯连;;;;;;;;;;x
foring_brigade;外籍兵团;;;;;;;;;;;x
foring_brigade_short;外籍兵团;;;;;;;;;;;x
sp_anti_air_brigade;机械化防空炮;;;;;;;;;;;x
sp_anti_air_brigade_short;机械化防空炮;;;;;;;;;;;x
motorized_artillery_brigade;摩托化炮兵;;;;;;;;;;;x
motorized_artillery_brigade_short;摩托化炮兵;;;;;;;;;;;x
motorized_anti_air_brigade;摩托化防空炮兵;;;;;;;;;;;x
motorized_anti_air_brigade_short;摩托化防空炮兵;;;;;;;;;;;x
glider_armor_brigade;机降坦克;;;;;;;;;;;x
glider_armor_brigade_short;机降坦克;;;;;;;;;;;x
glider_anti_tank_brigade;机降反坦克炮;;;;;;;;;;;x
glider_anti_tank_brigade_short;机降反坦克炮;;;;;;;;;;;x
assault_gun_brigade;突击火炮;;;;;;;;;;;x
assault_gun_brigade_short;突击火炮;;;;;;;;;;;x
amph_armour_brigade;两栖坦克;;;;;;;;;;;x
amph_armour_brigade_short;两栖坦克;;;;;;;;;;;x
air_engineer_brigade;伞降工兵;;;;;;;;;;;x
air_engineer_brigade_short;伞降工兵;;;;;;;;;;;x
hobart_armor_brigade;机械化工程兵;;;;;;;;;;;x
hobart_armor_brigade_short;机械化工程兵;;;;;;;;;;;x
camicie_nere_brigade;国家安全义勇军;;;;;;;;;;;x
camicie_nere_brigade_short;国家安全义勇军;;;;;;;;;;;x
#######################################;;;;;;;;;;;;;;x
# 特性;;;;;;;;;;;;;;x
#######################################;;;;;;;;;;;;;;x
tactical_genius;战术天才;;;;;;;;;;;;;x
sincere_seeker;精诚义士;;;;;;;;;;;;;x
serious_general;严明的领军者;;;;;;;;;;;;;x
defense_army;金城之师;;;;;;;;;;;;;x
believed_general;受宠信的将领;;;;;;;;;;;;;x
mao_army_1;分割歼灭思想;;;;;;;;;;;;;x
zhude_thought;游击战思想;;;;;;;;;;;;;x
mao_army_3;穿插突击思想;;;;;;;;;;;;;x
mao_army_4;组织纪律观念;;;;;;;;;;;;;x
mao_army_5;官兵平等模式;;;;;;;;;;;;;x
mao_army_6;主动作战观念;;;;;;;;;;;;;x
mao_army_7;连续战斗作风;;;;;;;;;;;;;x
friction_specialist;摩擦专家;;;;;;;;;;;;;x
#######################################;;;;;;;;;;;;;;x
# 战术;;;;;;;;;;;;;;x
#######################################;;;;;;;;;;;;;;x
tactic_sparrow;麻雀战;;;;;;;;;;;;;x
tactic_road_breaking;破袭战;;;;;;;;;;;;;x
tactic_saodang;大扫荡;;;;;;;;;;;;;x
#######################################;;;;;;;;;;;;;;x
# OOB;;;;;;;;;;;;;;x
#######################################;;;;;;;;;;;;;;x
CHC_Kanglian.txt;东北抗日联军\n;;;;;;;;;;;;;x
CHI_Shanghai.txt;第九集团军、第八集团军\n;;;;;;;;;;;;;x
JAP_Peking.txt;北支那派遣军\n;;;;;;;;;;;;;x
JAP_Shanghai.txt;上海派遣军\n;;;;;;;;;;;;;x
CHC_Balu_1.txt;国民革命军第八路军\n;;;;;;;;;;;;;x
CHC_Balu_2.txt;八路军陕甘宁留守兵团\n;;;;;;;;;;;;;x
CHC_N4A.txt;国民革命军陆军新编第四军\n;;;;;;;;;;;;;x
CHC_1.txt;八路军晋察冀军区\n;;;;;;;;;;;;;x
CHC_2.txt;冀热察挺进军\n;;;;;;;;;;;;;x
CHC_3.txt;晋西南根据地\n;;;;;;;;;;;;;x
CHC_4.txt;晋西北根据地\n;;;;;;;;;;;;;x
CHC_5.txt;120师大青山支队\n;;;;;;;;;;;;;x
CHC_6.txt;晋冀豫根据地\n;;;;;;;;;;;;;x
CHC_7.txt;115师东进抗日挺进纵队\n;;;;;;;;;;;;;x
CHC_8.txt;山西新军决死队\n;;;;;;;;;;;;;x
CHC_9.txt;山西新军决死队\n;;;;;;;;;;;;;x
CHC_10.txt;八路军山东纵队\n;;;;;;;;;;;;;x
CHC_11.txt;八路军第三纵队兼冀中军区\n;;;;;;;;;;;;;x
CHC_12.txt;新四军华中根据地\n;;;;;;;;;;;;;x
CHC_13.txt;豫皖苏边区\n;;;;;;;;;;;;;x
MEB_military.txt;蒙疆联合自治政府军\n;;;;;;;;;;;;;x
CHB_military.txt;中华民国临时政府军\n;;;;;;;;;;;;;x
CJS_military.txt;中华民国维新政府军\n;;;;;;;;;;;;;x
WJW_ChiangKaiShek_Transport_1.txt;投敌国军\n;;;;;;;;;;;;;x
CHC_West_Army.txt;西路军\n;;;;;;;;;;;;;x
CHC_Front_Army.txt;二、四方面军\n;;;;;;;;;;;;;x
CGD_715.txt;广东投诚军队\n;;;;;;;;;;;;;x
CHC_Soviet_Support.txt;苏联的援助\n;;;;;;;;;;;;;x
JAP_CHISupport.txt;日本的援助\n;;;;;;;;;;;;;x
CHI_GER_SupportA.txt;德式步兵师\n;;;;;;;;;;;;x
CHI_SOV_SupportA.txt;苏械攻击军\n;;;;;;;;;;;;x
CHI_USA_SupportA.txt;中国驻印军\n;;;;;;;;;;;;;x
CSD_JAPsupportA.txt;忠义救国军\n;;;;;;;;;;;;x
CSX_JAPsupportA.txt;忠义救国军\n;;;;;;;;;;;;x
CSY_JAPsupportA.txt;忠义救国军\n;;;;;;;;;;;;x
CJC_JAPsupportA.txt;忠义救国军\n;;;;;;;;;;;;x
CHI_SF_3T.txt;第五战区\n;;;;;;;;;;;;x
CHI_SF_CT.txt;第二战区\n;;;;;;;;;;;;x
CHI_SF_FT.txt;第一战区\n;;;;;;;;;;;;x
CHI_SF_ST.txt;第三战区\n;;;;;;;;;;;;x
CHI_TSA.txt;第八战区\n;;;;;;;;;;;;x
CSC2.txt;第七战区\n;;;;;;;;;;;;;x
CYN2.txt;国民革命军第六十军\n;;;;;;;;;;;;;x
CHI_TK_SupportA.txt;中央军委装甲团\n;;;;;;;;;;;;;x
CHI_XB_SupportA.txt;中国宪兵\n;;;;;;;;;;;;;x
JAP_HBA.txt;华北派遣军\n;;;;;;;;;;;;;x
CGX_guixi_zhengb1.txt;国民革命军第二十一集团军\n;;;;;;;;;;;;;x
CGX_guixi_zhengb2.txt;国民革命军第十一集团军、国民革命军第十六集团军\n;;;;;;;;;;;;;x
CHI_NIT.txt;第九战区\n;;;;;;;;;;;;;x
CHI_HENY.txt;豫鄂皖游击区\n;;;;;;;;;;;;;x
CHC_EB.txt;鄂北游击区\n;;;;;;;;;;;;;x
CHC_HLFLJ.txt;广东游击区\n;;;;;;;;;;;;;x
CHC_JS.txt;晋绥游击区\n;;;;;;;;;;;;;x
CHC_PXRCJ.txt;平西、北、热察游击区\n;;;;;;;;;;;;;x
CHC_SBLN.txt;鲁南苏北游击区\n;;;;;;;;;;;;;x
CHC_SN.txt;苏皖游击区（苏南、皖中、淮南、淮北）\n;;;;;;;;;;;;;;x
CHC_QY.txt;琼崖抗日游击纵队\n;;;;;;;;;;;;;x
12A.txt;第四战区\n;;;;;;;;;;;;;x
CHC_ZD.txt;浙东游击区\n;;;;;;;;;;;;;;x
krxfa_chc.txt;抗日先锋军\n;;;;;;;;;;;;;x
JAP_HNA.txt;华南方面军\n;;;;;;;;;;;;;x
JAP_21A.txt;第21军\n;;;;;;;;;;;;;x
CHC_KRJG.txt;抗日救国军\n;;;;;;;;;;;x
JAP_CHER.txt;关东军察哈尔派遣军\n;;;;;;;;;;;;x
CHI_SIT.txt;第六战区\n;;;;;;;;;;;;;x
CXM_KSD.txt;第七师\n;;;;;;;;;;x
SOV_GHAmry.txt;归化军\n;;;;;;;;;x
SOV_YZHUB.txt;红八团\n;;;;;;;;;;x
CHC_YDA.txt;豫东抗日先遣军\n;;;;;;;;;x
CJB_military.txt;晋北保安部队\n;;;;;;;;;;;;;x
CHI_1946Air.txt;美国援助空军\n;;;;;;;;;;;x
CHC_1946Air.txt;国军起义空军\n;;;;;;;;;;;x
CHI_JDAmry.txt;快速纵队\n;;;;;;;;;;;x
CHI_Y.txt;中国远征军云南部队\n;;;;;;;;;;;;;x
JAP_SA1944.txt;28军、33军、直属预备队\n;;;;;;;;;;;;;x
ENG_YD.txt;增援部队\n;;;;;;;;;;;;;x
CHC_nave.txt;华东军区海军第一舰队、华东军区海军第二舰队\n;;;;;;;;;;;x
GER_SS1.txt;帝国师、骷髅师、警察师\n;;;;;;;;;;;;;x
GER_SS2.txt;北方师、维京师\n;;;;;;;;;;;;;x
GER_SS3.txt;希特勒警卫旗队、欧根亲王师、弗洛里安师\n;;;;;;;;;;;;;x
GER_SS4.txt;武装党卫军9--18师\n;;;;;;;;;;;;;x
GER_SS5.txt;武装党卫军19--30师\n;;;;;;;;;;;;;x
GER_SS6.txt;武装党卫军31--38师\n;;;;;;;;;;;;;x
CCCP.txt;国际纵队\n;;;;;;;;;;x
CCCP2.txt;国际纵队\n;;;;;;;;;;x
GER_SPA.txt;秃鹰军团\n;;;;;;;;;;;x
ITA_SPA.txt;意大利志愿军\n;;;;;;;;;;x
PTY.txt;维利阿修斯志愿军\n;;;;;;;;;;;;;;x
ROM_SPA.txt;铁卫团\n;;;;;;;;;;;x
POL_save.txt;波兰救国军\n;;;;;;;;;;x
POL_WAS.txt;华沙起义军\n;;;;;;;;;x
POL_WEST.txt;西方军团\n;;;;;;;;;x
POLNave.txt;流亡政府海空军部队\n;;;;;;;;;;x
SOV_the_army_of_notthern.txt;北方面军\n;;;;;;;;;;;x
SOV_the_army_of_Western.txt;西方面军\n;;;;;;;;;x
SOV_the _amry_isprapering_of_waring.txt;预备方面军\n;;;;;;;;;;x
SOV_the_army_of_center.txt;中央方面军\n;;;;;;;;;;;x
SOV_the_army_in_goikasouse.txt;外高加索方面军\n;;;;;;;;x
sov_first_join_army.txt;预备队\n;;;;;;;;;;;x
sov_second_join_army.txt;征召军\n;;;;;;;;;x
ORA.txt;陆军抵抗组织\n;;;;;;;;;;;x
FTP.txt;法共抵抗军\n;;;;;;;;;x
AS.txt;秘密部队\n;;;;;;;;x
FFI.txt;法国内务部部队\n;;;;;;;;;x
YUG_LA.txt;南斯拉夫民族解放军\n;;;;;;;;;;;x
Amry_in_jd.txt;通州保安队\n;;;;;;;;;;x
Afiric_army.txt;法属非洲殖民军\n;;;;;;;;;x
CHI_JCT.txt;冀察战区\n;;;;;;;;;;;x
CHI_SLT;苏鲁战区\n;;;;;;;;;;x
allitv_unity.txt;预备部队\n;;;;;;;;;;;x
nor_LAb.txt;自由军\n;;;;;;;;;;;;x
norair_LAb.txt;挪威皇家空军\n;;;;;;;;;;x
GRE_national_aganist.txt;民族主义共和联盟\n;;;;;;;;;x
GRE_national_aganist1.txt;民族解放阵线\n;;;;;;;;;x
ITA_8A.txt;第X集团军\n;;;;;;;;;x
Afiric_FOX_army.txt;非洲军团\n;;;;;;;;;x
Afiric_theth_army.txt;第VIII集团军\n;;;;;;;;;x
JAP_SA.txt;南方军\n;;;;;;;;;x
CDB_1933.txt;北平军分会\n;;;;;;;;;x
CHA.txt;察哈尔抗日民众同盟军\n;;;;;;;;;x
25A.txt;国民革命军第30军\n;;;;;;;;;x
#######################################;;;;;;;;;;;;;;x
# 战争目标;;;;;;;;;;;;;;x
#######################################;;;;;;;;;;;;;;x
china_war_goal;征服支那;;;;;;;;;;X
china_war_goal_setup;如欲征服世界，必先征服亚洲，如欲征服亚洲，必先征服支那。;;;;;;;;;;X
#######################################;;;;;;;;;;;;;;x
# 战役;;;;;;;;;;;;;;x
#######################################;;;;;;;;;;;;;;x
SCENARIO_THIRD_CHANGSHA_NAME;第三次长沙会战;;;;;;;;;;;;;x
SCENARIO_THIRD_CHANGSHA_DESC;1939年9月和1941年9月，中日双方先后进行了第一次长沙会战和第二次长沙会战。中国虽然成功保卫了长沙，然而自身损失较大，实为不分胜负。自1940年末起，英美列强感到日本损害了自己的亚洲利益，于是对中国展开援助，使得蒋介石对抗战更有信心，日本的政治诱降策略受到了阻碍。为了敲打一下蒋介石，日军下令再次进攻长沙。注：本战役将结束时间推迟了一个月。;;;;;;;;;;;;;x
ENDGAMEHEADER_third_changsha_CHI_WIN;忠昭大麓，义塞苍冥。;;;;;;;;;;;;;x
ENDGAMEHEADER_third_changsha_CHI_LOSS;失败！;;;;;;;;;;;;;x
ENDGAMEHEADER_third_changsha_JAP_WIN;胜利！;;;;;;;;;;;;;x
ENDGAMEHEADER_third_changsha_JAP_LOSS;失败！;;;;;;;;;;;;;x
ENDGAMEBODY_third_changsha_CHI_WIN;倭奴三寇长沙，终狼狈遁逃，后世当不忘我等将士，一柱擎天，赫赫功勋。;;;;;;;;;;;;;x
ENDGAMEBODY_third_changsha_CHI_LOSS;我等拼死抵抗，长沙最终还是落入了日寇手中，日军似乎总是不可战胜，我们的国家还有希望吗？;;;;;;;;;;;;;x
ENDGAMEBODY_third_changsha_JAP_WIN;大日本皇军终于占领了长沙，支那政府的抵抗意志将大大受挫，我们离征服中国又近了一步。;;;;;;;;;;;;;x
ENDGAMEBODY_third_changsha_JAP_LOSS;我们进攻长沙的军事行动又失败了，他们的总司令又可以在报纸上夸夸其谈了。;;;;;;;;;;;;;x
ENDGAMEBUTTON_third_changsha_CHI_WIN;我们的胜利;;;;;;;;;;;;;x
ENDGAMEBUTTON_third_changsha_CHI_LOSS;我们的耻辱;;;;;;;;;;;;;x
ENDGAMEBUTTON_third_changsha_JAP_WIN;我们的胜利;;;;;;;;;;;;;x
ENDGAMEBUTTON_third_changsha_JAP_LOSS;我们的耻辱;;;;;;;;;;;;;x
SCENARIO_YXG;一号作战;;;;;;;;;;;;;x
SCENARIO_YXG_DESC;根据帝国大本营的战略目标，大日本皇军决定对支那展开一个全面进攻的计划，以打通北至满洲，南至法属印度支那的大陆交通线，以及占领其东南方的机场，防止美国陆军航空军自该地起飞攻击日军海上交通线和轰炸本土，并以战养战，缴获中国军队充足的武器装备。支那人理应明白，大日本帝国是不会失败的。;;;;;;;;;;;;;x
ENDGAMEHEADER_YXG_CHI_WIN;胜利！;;;;;;;;;;;;;x
ENDGAMEHEADER_YXG_CHI_LOSS;失败！;;;;;;;;;;;;;x
ENDGAMEHEADER_YXG_JAP_WIN;胜利！;;;;;;;;;;;;;x
ENDGAMEHEADER_YXG_JAP_LOSS;失败！;;;;;;;;;;;;;x
ENDGAMEBODY_YXG_CHI_WIN;;;;;;;;;;;;;;x
ENDGAMEBODY_YXG_CHI_LOSS;由于国民党蒋介石集团继续保存实力、消极抗战，对日军的大规模进攻准备不足，国军一溃千里，有的甚至不战而逃，致使豫鄂湘粤桂等省二十余万平方公里的国土沦丧，郑州、洛阳、长沙、衡阳、桂林、柳州等146个大小城市相继沦陷。对国民党正面战场上的又一次大溃败，国内各界及英美等盟国无不感到震惊和失望。;;;;;;;;;;;;;x
ENDGAMEBODY_YXG_JAP_WIN;想当年，金戈铁马，气吞万里如虎。我们虽然在太平洋战场接连失利，但帝国军人的锐气没有减弱，支那人在我们面前仍然不堪一击。;;;;;;;;;;;;;x
ENDGAMEBODY_YXG_JAP_LOSS;支那军队的抵抗强度超过了我们的预期，我们没能打通陆上交通线。;;;;;;;;;;;;;x
ENDGAMEBUTTON_YXG_CHI_WIN;我们的胜利;;;;;;;;;;;;;x
ENDGAMEBUTTON_YXG_CHI_LOSS;我们的耻辱;;;;;;;;;;;;;x
ENDGAMEBUTTON_YXG_JAP_WIN;我们的胜利;;;;;;;;;;;;;x
ENDGAMEBUTTON_YXG_JAP_LOSS;我们的耻辱;;;;;;;;;;;;;x
passive_defence_y;豫湘桂战役・消极的防御;;;;;;;;;;;;;x
the_five_minutes;命运的五分钟;;;;;;;;;;;;;;x
SCENARIO_BATTLE_OF_MIDWAY_NAME;中途岛战役;;;;;;;;;;;;;x
SCENARIO_BATTLE_OF_MIDWAY_DESC;中途岛，面积只有4.7平方公里，其特殊的地理位置决定了它战略地位的重要性。该岛距美国旧金山和日本横滨均相距2800海里，处于亚洲和北美之间的太平洋航线的中途，故名中途岛。另外它距珍珠港1135海里，是美国在中太平洋地区的重要军事基地和交通枢纽，也是美军在夏威夷的门户和前哨阵地。中途岛一旦失守，美太平洋舰队的大本营珍珠港也将唇亡齿寒。;;;;;;;;;;;;;x
BOF_Axis;占领中途岛;;;;;;;;;;;;;x
BOF_Allies;控制中途岛;;;;;;;;;;;;;x
SCENARIO_DNY_NAME;缅甸战役;;;;;;;;;;;;;;;x
SCENARIO_DNY_DESC;缅甸战役是太平洋战争中，1942年1月至1945年3月，中、英盟军在缅甸同日军进行的一系列防御和反击战斗的总称，大致可以分为第一次缅甸战役和第二次缅甸战役两个阶段性战役。1941年12月7日，日军偷袭珍珠港，太平洋战争爆发。在不到一个月的时间内，日本南方军先后入侵菲律宾、泰国、马来亚、关岛、香港、新加坡、印度尼西亚、所罗门群岛，一直到中途岛以西的广大地区，并侵入缅甸，声言将与希特勒会师中东，妄图实现共同主宰世界的美梦。太平洋战争爆发后，美、英等国很快对日宣战。国民党政府也于12月9日正式对日宣战。于是美、英与中国建立了联盟。1942年1月1日，中、苏、美、英等二十六个国家，在华盛顿签署了共同反对法西斯侵略国家的联合宣言(即“二十六国公约”)，保证互相援助，不与敌国缔结单独停战协订或和约。反法西斯统一战线进一步扩大。中国成为盟军的一个战区。自此之后日军企图占领缅甸，切断美英向中国提供战略物资的交通线滇缅公路，迫使中国国民党政权屈服；并伺机进军印度，促其脱离英联邦，以保障东南亚地区日军翼侧的安全......;;;;;;;;;;;;;x
DNY_Allies;固守德里;;;;;;;;;;;;;x
DNY2_Axis;占领曼德勒;;;;;;;;;;;;;x
DNY3_Axis;控制密支那;;;;;;;;;;;;;x
DNY4_Axis;攻占英帕尔;;;;;;;;;;;;;x
DNY5_Axis;进军德里;;;;;;;;;;;;;x
DNY_Allies2;夺回仰光;;;;;;;;;;;;;x
ENDGAMEHEADER_DNY_CHI_LOSS;我们的耻辱;;;;;;;;;;;;;x
ENDGAMEBOOY_DNY_CHI_LOSS;我们的远征精锐在缅甸战场穷凶极恶的日寇打击下一溃千里的表现令盟国大跌眼镜，更令我们汗颜，我们的远征军损失惨重并遭到诟病。;;;;;;;;;;;;;x
ENDGAMEBUTTON_DNY_CHI_LOSS;唉;;;;;;;;;;;;;x
ENDGAMEHEADER_DNY_ENG_LOSS;我们的耻辱;;;;;;;;;;;;;x
ENDGAMEBOOY_DNY_ENG_LOSS;大英帝国的勇士们在缅甸战场穷凶极恶的日寇打击下一溃千里，丢失了帝国在海外最重要的殖民地，令我们汗颜，有损于大英帝国之威严。;;;;;;;;;;;;;x
ENDGAMEBUTTON_DNY_ENG_LOSS;唉;;;;;;;;;;;;;x
ENDGAMEHEADER_DNY_JAP_LOSS;我们的耻辱;;;;;;;;;;;;;x
ENDGAMEBOOY_DNY_JAP_LOSS;我们的南方军精锐在缅甸战场的英缅军和重庆军的打击下一溃千里的表现令盟国大跌眼镜，更令我们汗颜，我们的南方军损失惨重并遭到诟病。;;;;;;;;;;;;;x
ENDGAMEBUTTON_DNY_JAP_LOSS;唉;;;;;;;;;;;;;x
ENDGAMEHEADER_DNY_CHI_WIN;我们的荣耀;;;;;;;;;;;;;x
ENDGAMEBOOY_DNY_CHI_WIN;我们的远征精锐在缅甸战场狠狠地打击了穷凶极恶的日寇，获得盟国一致赞扬，更增强了我们的国民的荣誉感。;;;;;;;;;;;;;x
ENDGAMEBUTTON_DNY_CHI_LOSS;愿远征军壮士早日归来;;;;;;;;;;;;;x
ENDGAMEHEADER_DNY_ENG_WIN;我们的荣耀;;;;;;;;;;;;;x
ENDGAMEBOOY_DNY_ENG_WIN;大英帝国的勇士们在缅甸战场狠狠打击了穷凶极恶的日寇，捍卫了帝国在海外最重要的殖民地，维护了大英帝国至高无上之威严。;;;;;;;;;;;;;x
ENDGAMEBUTTON_DNY_ENG_WIN;万岁;;;;;;;;;;;;;x
ENDGAMEHEADER_DNY_JAP_WIN;我们的荣耀;;;;;;;;;;;;;x
ENDGAMEBOOY_DNY_JAP_WIN;我们的南方军精锐在缅甸战场严重打击英缅军和重庆军，夺取了英国的印度、缅甸殖民地，我们的南方军的胜利鼓舞了士气。;;;;;;;;;;;;;x
ENDGAMEBUTTON_DNY_JAP_WIN;板载;;;;;;;;;;;;;x
SCENARIO_CX_NAME;朝鲜战争;;;;;;;;;;;;;x
SCENARIO_CX_DESC;冷战的铁幕已经在欧洲放下，美帝国主义染指亚太、侵略中华之心不息，如今战火燃烧到了鸭绿江畔，只有奋起抵抗，才能保卫中华。;;;;;;;;;;;;x
CX_comintern;保卫丹东;;;;;;;;;;;;x
CX3_comintern;收复平壤;;;;;;;;;;;x
CX4_comintern;收复长津;;;;;;;;;;;x
CX5_comintern;收复咸兴;;;;;;;;;;;;x
CX_Allies;收复首尔;;;;;;;;;;x
CX_Allies2;挺进会宁;;;;;;;;;;;x
CX4_comintern1;夺取汉城;;;;;;;;;;;x
SCENARIO_CXBT_NAME;百团大战;;;;;;;;;;;;;x
SCENARIO_CXBT_DESC;从武汉沦陷至今，由于南北阻断，重庆国民政府内部已经出现了严重的投降倾向。现如今，敌寇对我政治招降、军事打压愈发严重之际，唯有我军奋起抵抗，才能于斯沉沦之际，昭示国族尚保有无限生机与日寇决一死战！;;;;;;;;;;;;x
BT2_Axis;控制太原;;;;;;;;;;;;x
BT3_Axis;控制大同;;;;;;;;;;;;;x
BT4_Axis;控制北平;;;;;;;;;;;;;x
BT5_Axis;控制天津;;;;;;;;;;;;x
BT1_Allies;保卫延安;;;;;;;;;;;;x
BT2_Allies;攻克太原;;;;;;;;;;;;x
ENDGAMEHEADER_CXBT_CHC_WIN;我们的荣耀;;;;;;;;;;;;;x
ENDGAMEBOOY_CXBT_CHC_WIN;我们在华北战场狠狠地打击了穷凶极恶的日寇，获得盟国一致赞扬，更增强了我们的国民的荣誉感。;;;;;;;;;;;;;x
ENDGAMEBUTTON_CXBT_CHC_LOSS;唉，国之将亡;;;;;;;;;;;;;x
ENDGAMEHEADER_CXBT_JAP_WIN;我们的荣耀;;;;;;;;;;;;;x
ENDGAMEBOOY_CXBT_JAP_WIN;大日本帝国的勇士们狠狠打击了不堪一击的延安部队，支那人终究还是挽救不了危亡之局。;;;;;;;;;;;;;x
ENDGAMEBUTTON_CXBT_JAP_WIN;万岁;;;;;;;;;;;;;x
ENDGAMEHEADER_CXBT_JAP_LOSS;我们的耻辱;;;;;;;;;;;;;x
ENDGAMEBOOY_CXBT_JAP_LOSS;北支那方面军和皇协军受到了支那人的猛烈攻击，丢失多个据点，数条交通要道被损毁殆尽，囚笼政策彻彻底底地失败了。;;;;;;;;;;;;;x
ENDGAMEBUTTON_CXBT_JAP_LOSS;我们的耻辱;;;;;;;;;;;;;x
ENDGAMEBUTTON_CXBT_CHC_WIN;我军将士一柱擎天！;;;;;;;;;;;;x
SCENARIO_TY_NAME;太原会战;;;;;;;;;;;;;x
SCENARIO_TY_DESC;敌华北方面军已经突破内长城防线，山西全境告急。国族垂亡之际，唯有奋起抵抗，方能保卫华北，保卫全中国！;;;;;;;;;;;;;;x
TY_Axis;控制太原;;;;;;;;;;;;x
TY1_Axis;控制大同;;;;;;;;;;;;;x
TY1_Allies;保卫延安;;;;;;;;;;;;x
TY_Allies;保卫太原;;;;;;;;;;;;x
ENDGAMEHEADER_TY_CHC_WIN;我们的荣耀;;;;;;;;;;;;;x
ENDGAMEBOOY_TY_CHC_WIN;我们在华北战场狠狠地打击了穷凶极恶的日寇，获得盟国一致赞扬，更增强了我们的国民的荣誉感。;;;;;;;;;;;;;x
ENDGAMEBUTTON_TY_CHC_LOSS;唉，国之将亡;;;;;;;;;;;;;x
ENDGAMEHEADER_TY_JAP_WIN;我们的荣耀;;;;;;;;;;;;;x
ENDGAMEBOOY_TY_JAP_WIN;大日本帝国的勇士们狠狠打击了不堪一击的延安部队，支那人终究还是挽救不了危亡之局。;;;;;;;;;;;;;x
ENDGAMEBUTTON_TY_JAP_WIN;万岁;;;;;;;;;;;;;x
ENDGAMEHEADER_TY_JAP_LOSS;我们的耻辱;;;;;;;;;;;;;x
ENDGAMEBOOY_TY_JAP_LOSS;北支那方面军和皇协军受到了支那人的猛烈攻击，丢失多个据点，数条交通要道被损毁殆尽，囚笼政策彻彻底底地失败了。;;;;;;;;;;;;;x
ENDGAMEBUTTON_TY_JAP_LOSS;我们的耻辱;;;;;;;;;;;;;x
ENDGAMEBUTTON_TY_CHC_WIN;我军将士一柱擎天！;;;;;;;;;;;;x
ENDGAMEHEADER_TY_CSX_WIN;我们的荣耀;;;;;;;;;;;;;x
ENDGAMEBOOY_TY_CSX_WIN;我们在华北战场狠狠地打击了穷凶极恶的日寇，获得盟国一致赞扬，更增强了我们的国民的荣誉感。;;;;;;;;;;;;;x
ENDGAMEBUTTON_TY_CSX_LOSS;唉，国之将亡;;;;;;;;;;;;;x
ENDGAMEBUTTON_TY_CSX_WIN;我军将士一柱擎天！;;;;;;;;;;;;x
ENDGAMEHEADER_TY_CHC_LOSS;溃败;;;;;;;;;;;;;x
ENDGAMEBOOY_TY_CHC_LOSS;我们在华北战场用我们血肉筑起的长城还是无法抵挡日军的铁蹄，如今山西沦陷，华北危亡，国家还有未来吗？;;;;;;;;;;;;;x
ENDGAMEHEADER_TY_CSX_LOSS;溃败;;;;;;;;;;;;;x
ENDGAMEBOOY_TY_CSX_LOSS;我们在华北战场用我们血肉筑起的长城还是无法抵挡日军的铁蹄，如今山西沦陷，华北危亡，国家还有未来吗？;;;;;;;;;;;;;x
SCENARIO_XZ_NAME;徐州会战;;;;;;;;;;;;;;x
SCENARIO_XZ_DESC;淞沪、华北一败再败，日军已经踏破了中华半壁江山。徐州――津浦线上的交通枢纽，能否阻止日军南进会师的铁蹄呢？;;;;;;;;;;;;x
ENDGAMEHEADER_XZ_CHI_WIN;我们的荣耀;;;;;;;;;;;;;x
"ENDGAMEBOOY_XZ_CHI_WIN;我们狠狠地打击了穷凶极恶的日寇,我泱泱五千年之华夏绝不仅仅亡于三岛倭寇之手！;;;;;;;;;;;;;x"
ENDGAMEBUTTON_XZ_CHI_LOSS;唉，国之将亡;;;;;;;;;;;;;x
ENDGAMEHEADER_XZ_JAP_WIN;我们的荣耀;;;;;;;;;;;;;x
ENDGAMEBOOY_XZ_JAP_WIN;大日本帝国的勇士们狠狠打击了不堪一击的重庆军，支那人终究还是挽救不了危亡之局。;;;;;;;;;;;;;x
ENDGAMEBUTTON_XZ_JAP_WIN;万岁;;;;;;;;;;;;;x
ENDGAMEHEADER_XZ_JAP_LOSS;我们的耻辱;;;;;;;;;;;;;x
ENDGAMEBOOY_XZ_JAP_LOSS;北支那方面军和皇协军受到了支那人的猛烈抵抗，徐州在南北夹击下巍然不动，我们的会师计划看来得延缓了。;;;;;;;;;;;;;x
ENDGAMEBUTTON_XZ_JAP_LOSS;八嘎呀路;;;;;;;;;;;;;x
ENDGAMEBUTTON_XZ_CHI_WIN;我军将士一柱擎天！;;;;;;;;;;;;x
ENDGAMEHEADER_XZ_CHI_LOSS;溃败;;;;;;;;;;;;;x
ENDGAMEBOOY_XZ_CHI_LOSS;李宗仁将军摔部队奋力抵抗，终究难敌倭寇先进之军队，我们从徐州溃败了。;;;;;;;;;;;;;x
XZ2_Axis;攻克徐州;;;;;;;;;;;;x
XZ3_Axis;攻克郑州;;;;;;;;;;;;x
XZ4_Axis;攻克开封;;;;;;;;;;;;x
XZ1_Allies;拱卫徐州;;;;;;;;;;;x
XZ2_Allies;拱卫郑州;;;;;;;;;;;x
SCENARIO_WH_NAME;武汉会战;;;;;;;;;;;x
SCENARIO_WH_DESC;日军铁蹄已经逼近武汉三镇。三镇之地，为国家之交通枢纽，南北交通要隘，武汉一处之得失，事关国家之生死。;;;;;;;;;;;x
ENDGAMEHEADER_WH_CHI_WIN;我们的荣耀;;;;;;;;;;;;;x
"ENDGAMEBOOY_WH_CHI_WIN;我们狠狠地打击了穷凶极恶的日寇,我泱泱五千年之华夏绝不仅仅亡于三岛倭寇之手！;;;;;;;;;;;;;x"
ENDGAMEBUTTON_WH_CHI_LOSS;唉，国之将亡;;;;;;;;;;;;;x
ENDGAMEHEADER_WH_JAP_WIN;我们的荣耀;;;;;;;;;;;;;x
ENDGAMEBOOY_WH_JAP_WIN;大日本帝国的勇士们狠狠打击了不堪一击的重庆军，支那人终究还是挽救不了危亡之局。;;;;;;;;;;;;;x
ENDGAMEBUTTON_WH_JAP_WIN;万岁;;;;;;;;;;;;;x
ENDGAMEHEADER_WH_JAP_LOSS;我们的耻辱;;;;;;;;;;;;;x
ENDGAMEBOOY_WH_JAP_LOSS;北支那方面军和皇协军受到了支那人的猛烈抵抗，徐州在南北夹击下巍然不动，我们的会师计划看来得延缓了。;;;;;;;;;;;;;x
ENDGAMEBUTTON_WH_JAP_LOSS;八嘎呀路;;;;;;;;;;;;;x
ENDGAMEBUTTON_WH_CHI_WIN;我军将士一柱擎天！;;;;;;;;;;;;x
ENDGAMEHEADER_WH_CHI_LOSS;溃败;;;;;;;;;;;;;x
ENDGAMEBOOY_WH_CHI_LOSS;李宗仁将军摔部队奋力抵抗，终究难敌倭寇先进之军队，我们从徐州溃败了。;;;;;;;;;;;;;x
WH2_Axis;攻克武汉;;;;;;;;;;;x
WH3_Axis;攻克信阳;;;;;;;;;;;;x
WH1_Allies;坚守武汉;;;;;;;;;;;;x
WH2_Allies;保卫宜昌;;;;;;;;;;;x
SCENARIO_KE_NAME;库尔斯克大会战;;;;;;;;;;;x
SCENARIO_KE_DESC;苏德战争已经进入了第三个年头。1942年，德军从斯大林格勒败退，当时的苏军高层一致认为此战后德国已经被推向了灭亡的边缘，可在接下来的哈尔科夫会战中，红军却又再次被德军成建制消灭了52个师。如今，历史的巨轮再一次把世界上的两个巨人推到了对弈的棋盘上―――这一次，到底是德军乘胜追击，再次发动攻势，还是苏军力挽狂澜，敲响第三帝国的丧钟呢？;;;;;;;;;;x
KE_comintern;坚守库尔斯克;;;;;;;;;;x
KE_Axis;攻克库尔斯克;;;;;;;;;x
ODGER_defeated;保存有生力量;;;;;;;;;;x
ODSOV_defeated;保存有生力量;;;;;;;;;;x
ENDGAMEHEADER_KE_GER_WIN;我们的荣耀;;;;;;;;;;;;;x
ENDGAMEBOOY_KE_GER_WIN;此战成建制地歼灭苏军中央方面军、乌克兰第一方面军大部分有生力量，对苏军从斯大林格勒便转入的攻势作战给予巨大打击！;;;;;;;;;;;;;x
ENDGAMEBUTTON_KE_GER_LOSS;唉;;;;;;;;;;;;;x
ENDGAMEHEADER_KE_SOV_WIN;我们的荣耀;;;;;;;;;;;;;x
ENDGAMEBOOY_KE_GER_WIN;这次会战我们给予向库尔斯克地区进发的德中央集团军群和南方集团军群沉重打击，虽然我们损失巨大，但是德军在苏联国土上像随时随地发动会战的时代一去不复返了！;;;;;;;;;;;;;x
ENDGAMEBUTTON_KE_SOV_WIN;卫国战争万岁;;;;;;;;;;;;;x
ENDGAMEHEADER_KE_SOV_LOSS;我们的耻辱;;;;;;;;;;;;;x
ENDGAMEBOOY_KE_SOV_LOSS;我军在德军的猛烈攻击下从库尔斯克撤退了，看来斯大林格勒的胜利并没有有效地阻止德军的步伐，我们的卫国战争真的能胜利吗？;;;;;;;;;;;;;x
ENDGAMEBUTTON_KE_SOV_LOSS;耻辱！;;;;;;;;;;;;;x
ENDGAMEBUTTON_KE_GER_WIN;万岁！;;;;;;;;;;;;x
ENDGAMEHEADER_KE_GER_LOSS;溃败;;;;;;;;;;;;;x
ENDGAMEBOOY_KE_GER_LOSS;曼施坦因率领中央集团军群进行的猛烈进攻在苏军的猛烈反击下失败了，苏军巩固了战线并歼灭了我军的有生力量，我们只能转入战略防御，同苏军周旋了。;;;;;;;;;;;;;x
huaihai;钟山风雨;;;;;;;;;;;x
ccivil_1948;当时间来到了1949年，随着百万大军关外折戟，蒋介石集团的覆亡似乎已经只是时间问题了。从原先号称“八百万大军，四百万美械”，到如今“败鳞残甲满天飞”。如今大厦之将倾，到底南京政府能否力挽狂澜？还是共产党军队摧枯拉朽扫清四敌呢？;;;;;;;;;;;;x
Liaoshen;似血残阳;;;;;;;;;x
LiaoshenDesc;随着中原地区的重点进攻被击破，刘邓大军千里挺进大别山，以及全国范围内的通货膨胀，国民党集团遇到了前所未有的危机。如今，国共两军在东北陈兵百万，精锐尽出。硝烟弥漫的东北，将会书写国民党的残阳，还是留下共产党的余辉？;;;;;;;;;;;;x
ENDGAMEHEADER_huaihai_CHC_WIN;解放全中国！;;;;;;;;;;;;;x
ENDGAMEBOOY_huaihai_CHC_WIN;江北一役，歼敌甚剧，敌兵之精锐继东北之后本已所剩无几，此战结束后不仅歼灭敌精锐，还歼灭或俘虏大部分敌军和吸收起义部队。由此观之，蒋集团的统治的覆亡只不过是时间问题了。;;;;;;;;;;;;;x
ENDGAMEBUTTON_huaihai_CHC_LOSS;暂且退却;;;;;;;;;;;;;x
ENDGAMEHEADER_huaihai_CHI_WIN;力挽狂澜！;;;;;;;;;;;;;x
ENDGAMEBOOY_huaihai_CHI_WIN;在蒋总裁和前线英勇将官们的英明指挥和忠勇战士们的顽强抵抗下，共军入关的百万雄师终于停滞在了淮河一线。;;;;;;;;;;;;;x
ENDGAMEBUTTON_huaihai_CHC_WIN;解放战争万岁！;;;;;;;;;;;;;x
ENDGAMEHEADER_huaihai_CHI_LOSS;独木难支;;;;;;;;;;;;;x
ENDGAMEBOOY_huaihai_CHI_LOSS;我军在共军的猛烈攻击下一退再退，从东北入关的百万雄师似乎势不可挡一般。总裁和他的将士们的奋力一搏也难挽救危局。;;;;;;;;;;;;;x
ENDGAMEBUTTON_huaihai_CHI_LOSS;大厦将倾;;;;;;;;;;;;;x
ENDGAMEBUTTON_huaihai_CHC_LOSS;唉;;;;;;;;;;;;x
ENDGAMEHEADER_huaihai_CHC_LOSS;撤退;;;;;;;;;;;;;x
ENDGAMEBOOY_huaihai_CHC_LOSS;我军的确没想到国军居然还有如此生机能同我军作战，并且其抵抗之顽强出乎了军委和各个首长的预料。我们的轻敌冒进犯了大错。如今，解放全国的事业还得缓一缓了。;;;;;;;;;;;;;x
ENDGAMEHEADER_Liaoshen_CHC_WIN;解放全中国！;;;;;;;;;;;;;x
ENDGAMEBOOY_Liaoshen_CHC_WIN;东北之战，将蒋军之所谓美械精锐歼灭大半，还歼灭或俘虏大部分敌军和吸收起义部队，解放全东北的目标业已实现。百万大军已经重整旗鼓，入关南下，解放全中国只不过是时间问题。;;;;;;;;;;;;;x
ENDGAMEBUTTON_Liaoshen_CHC_LOSS;绝不屈服;;;;;;;;;;;;;x
ENDGAMEHEADER_Liaoshen_CHI_WIN;扭转战局;;;;;;;;;;;;;x
ENDGAMEBOOY_Liaoshen_CHI_WIN;在蒋总裁和前线英勇将官们的英明指挥和忠勇战士们的顽强抵抗下，东北的忠勇将士将匪军所谓精锐打的落花流水，一转匪军挺进大别山之后的不利局势，共匪的覆亡是必然了。;;;;;;;;;;;;;x
ENDGAMEBUTTON_Liaoshen_CHC_WIN;解放战争万岁！;;;;;;;;;;;;;x
ENDGAMEHEADER_Liaoshen_CHI_LOSS;独木难支;;;;;;;;;;;;;x
ENDGAMEBOOY_Liaoshen_CHI_LOSS;我军美械精锐损失殆尽，东北剿总所辖兵力也被围歼，东北完完全全落入了共匪手中。;;;;;;;;;;;;;x
ENDGAMEBUTTON_Liaoshen_CHI_LOSS;总有一天能光复河山;;;;;;;;;;;;;x
ENDGAMEBUTTON_Liaoshen_CHC_LOSS;唉;;;;;;;;;;;;x
ENDGAMEHEADER_Liaoshen_CHC_LOSS;溃退;;;;;;;;;;;;;x
ENDGAMEBOOY_Liaoshen_CHC_LOSS;国民党军依仗美式重武器向我军发动的进攻之猛烈出乎意料。如今，国民党军大有将我们驱逐出东北的态势。;;;;;;;;;;;;;x
SCENARIO_Sonnghu_NAME;淞沪会战;;;;;;;;;;;;;x
SCENARIO_Sonnghu_DESC;随着华北战场的节节败退，日军也开始在淞沪方向上纠集重兵――――上海，乃中国第一大都市，更是首都南京的第一道屏障，一旦上海丢失，重兵窥伺下的南京将会无险可守。随着日军的步步紧逼，国府另一方面也在调动全国军队前往淞沪抗敌。这场举国之力的会战到底能不能破灭日军不可战胜的神话呢？
ENDGAMEHEADER_Sonnghu_CHI_WIN;淞沪会战胜利！;;;;;;;;;;;;;x
ENDGAMEBOOY_Sonnghu_CHI_WIN;淞沪一役，举全国之力围攻上海之日寇。于敌机械化部队辅以重武器的强大火力下，我军忠勇将士以血肉之躯抗敌，终将敌寇之上海派遣军重创！后世当不忘我军一柱擎天，城大厦于断梁！;;;;;;;;;;;;;x
ENDGAMEHEADER_Sonnghu_CHI_WIN;打到东京去！;;;;;;;;;;;;;x
ENDGAMEBUTTON_Sonnghu_CHI_LOSS;国家还有未来吗？;;;;;;;;;;;;;x
ENDGAMEBOOY_Sonnghu_CHI_LOSS;全国各部队奔赴上海，共赴国难，奈何日人厉害过甚，我军在淞沪与日人鏖战，从浦东到黄浦江，从宝山到杭州湾，到处都是抗击敌寇的忠勇将士的尸骸和鲜血，在付出巨大伤亡后，淞沪会战失败了。然是役也，碧血横飞，浩气四塞，风云为之变色，草木为之含悲......;;;;;;;;;;;;;x
ENDGAMEHEADER_Songhu_CHI_LOSS;失利;;;;;;;;;;;;;x
ENDGAMEHEADER_Sonnghu_JAP_WIN;胜利！;;;;;;;;;;;;;x
ENDGAMEBOOY_Sonnghu_JAP_WIN;帝国纠集重兵于上海，与支那人鏖战多时后终于解决了上海事变。如今，上海已克，南京即将不守，中国难道还能继续抵抗吗？;;;;;;;;;;;;;x
ENDGAMEHEADER_Sonnghu_JAP_WIN;万岁！;;;;;;;;;;;;;x
ENDGAMEBUTTON_Sonnghu_JAP_LOSS;我们真的错了？;;;;;;;;;;;;;x
ENDGAMEBOOY_Sonnghu_JAP_LOSS;淞沪地区的南京军队的顽强抵抗打退了帝国精锐将士的进攻，或许征服支那的进程该缓缓了。;;;;;;;;;;;;;x
ENDGAMEHEADER_Songhu_JAP_LOSS;失利;;;;;;;;;;;;;x
SH1_Axis;攻克淞沪;;;;;;;;;;;;;;x
SH2_Axis;拿下南京;;;;;;;;;;;;;;x
SH1_Allies;死守淞沪;;;;;;;;;;;;;;x
SH2_Allies;保卫南京;;;;;;;;;;;;;;x
SH_title;淞沪会战;;;;;;;;;;;;x
SH_chi;这是抗日战争中同武汉会战同一规模的大规模会战，也是正面战场上损失最多的会战之一，中日双方一共高达百万余人的精锐部队参战，最终由国民党军队损失25万余人并从淞沪撤退告终。现在，你能否改写历史呢？
SH_titlejap;上海事变;;;;;;;;;;;x
SH_title_jap;早在1933年的第一次上海事变中，我们就已经让支那军见识到了我们的力量。如今，皇军正在华北方向上势如破竹地南下――――上海，支那最大的城市，将会再一次记录帝国的荣光！;;;;;;;;;;;;;x
SH_titlejap1;第一次增兵上海;;;;;;;;;;;;;x
SH_title_jap1;上海方面兵力薄弱，难以抵抗中国精锐军队的持续攻击，为了给派遣军的组建的和登陆换取时间，即刻电令第一陆战队南下。 ;;;;;;;;;;;;;x
SH_titleCHI1;独立20旅抵达;;;;;;;;;;;;;x
SH_title_CHI1;独立20旅，原属于第2师补充旅。14日到沪并接替第八十八师（孙元良部）防守上海爱国女校、持志大学，并担任攻击虹口公园和江湾路日军司令部的任务。;;;;;;;;;;;;x
SH_titleJAP2;上海派遣军;;;;;;;;;;;;x
SH_title_JAP2;在国内组建不久的上海派遣军在松井石根大将的率领下已奔赴上海。;;;;;;;;;;;;;x
SH_titleCHI2;组建第三战区;;;;;;;;;;;;;;x
SH_title_CHI2;组建第三战区，全权负责上海战局！一定要保全淞沪！保卫南京！;;;;;;;;;;;;x
SH_titleJAP3;海军第3舰队抵达;;;;;;;;;;;;;x
SH_title_JAP3;海军增援抵达，我们对中国军队已经产生了压倒性的优势！;;;;;;;;;;;;;x
SH_titleJAP4;第10军杭州湾登陆;;;;;;;;;;;;;x
SH_title_JAP4;中国军队还在前线抵抗不可战胜的皇军，不过已经是疲惫不堪了，如今，我们只要在敌军背后登陆，即可将支那军队一网打尽。;;;;;;;;;;;;;x
SH_titleCHI4;第21集团军抵沪;;;;;;;;;;;;;x
SH_title_CHI4;僵持之际，桂军精锐部队的抵达对于战局有着重要的意义。把小鬼子赶下黄浦江！;;;;;;;;;;;;;x
SCENARIO_BATTLE_OF_LEYTE_GULF_NAME;莱特湾海战;;;;;;;;;;;;;x
BOL_Axis;消灭美海军主力;;;;;;;;;;;;;x
BOL_Allies;全歼日海军;;;;;;;;;;;;;x
SCENARIO_BATTLE_OF_LEYTE_GULF__DESC;以两军投入战场的军舰总吨位而言，莱特湾海战堪称是历史上最大的海战，也是迄今为止最后一次航母对战，此战彻底摧毁了日本的航母力量。海战进行的时间从1944年10月20日持续至10月26日。在六天之内，日军与盟军投入船舰总吨位超过两百万吨，其中盟军舰队多达133万吨，日本海军则达73万吨。21艘航空母舰、21艘战列舰、170艘驱逐舰与近2000架军机参与了战斗。日军在塞班岛、马里亚那群岛等战役皆失利后，若再丧失菲律宾或台湾，日本“南线”资源输送本土的命脉将断绝，在东南亚与中国、朝鲜、本土的联系将被切断。日本因此决定孤注一掷，企图击退盟军在莱特岛的登陆部队，并打败其海上力量。;;;;;;;;;;;;;x
HuaiHai_Tg;歼灭蒋匪有生力量;;;;;;;;;;;;;x
HuaiHai_Tg_TWO;解放南京;;;;;;;;;;;;;x
HuaiHai_KMT_ONE;坚守淮河;;;;;;;;;;;;;x
HuaiHai_KMT_TWO;削弱共军，使之和谈;;;;;;;;;;;;;x
TGF;解放新京;;;;;;;;;;;;;x
TGS;解放沈阳;;;;;;;;;;;;;x
TGT;解放锦州;;;;;;;;;;;;;x
KMTF;坚守新京;;;;;;;;;;;;;x
KMTS;坚守沈阳;;;;;;;;;;;;;x
KMTT;坚守锦州;;;;;;;;;;;;;x
